{
  "v": 2,
  "value": {
    "genesisTime": 1616143538000,
    "slotDuration": 250,
    "leadershipElectionNonce": "5bb78b5f359007c9532e17e474ff188c30bbd999147f6721d870f7ab2004e438",
    "epochLength": 14400,
    "maxBlockEnergy": 3000000,
    "finalizationParameters": {
      "minimumSkip": 0,
      "committeeMaxSize": 1000,
      "waitingTime": 100,
      "ignoreFirstWait": true,
      "skipShrinkFactor": 0.5,
      "skipGrowFactor": 2,
      "delayShrinkFactor": 0.5,
      "delayGrowFactor": 2,
      "allowZeroDelay": true
    },
    "chainParameters": {
      "electionDifficulty": 0.025,
      "euroPerEnergy": 0.000001,
      "microGTUPerEuro": 100000000,
      "bakerCooldownEpochs": 166,
      "accountCreationLimit": 10,
      "foundationAccount": "4NyqjcJwKAckGE3gMGDJeqcyLZQxtfnDFTdvg74xYUU8myQTrB",
      "minimumThresholdForBaking": "300000000000",
      "rewardParameters": {
          "mintDistribution": {
              "mintPerSlot": 0.0000000007555665,
              "bakingReward": 0.6,
              "finalizationReward": 0.3
          },
          "transactionFeeDistribution": {
              "baker": 0.45,
              "gasAccount": 0.45
          },
          "gASRewards": {
              "baker": 0.25,
              "finalizationProof": 0.005,
              "accountCreation": 0.002,
              "chainUpdate": 0.005
          }
      }
    }
  }
}
